{
  "config": "{\"version\":\"5.66\",\"themeCollection\":{\"baseTheme\":{\"name\":\"CY24SU10\",\"type\":2,\"version\":{\"visual\":\"1.8.95\",\"report\":\"2.0.95\",\"page\":\"1.3.95\"}}},\"activeSectionIndex\":0,\"defaultDrillFilterOtherVisuals\":true,\"linguisticSchemaSyncVersion\":2,\"settings\":{\"useNewFilterPaneExperience\":true,\"allowChangeFilterTypes\":true,\"useStylableVisualContainerHeader\":true,\"queryLimitOption\":6,\"exportDataMode\":1,\"useDefaultAggregateDisplayName\":true,\"useEnhancedTooltips\":true},\"objects\":{\"section\":[{\"properties\":{\"verticalAlignment\":{\"expr\":{\"Literal\":{\"Value\":\"'Top'\"}}}}}],\"outspacePane\":[{\"properties\":{\"expanded\":{\"expr\":{\"Literal\":{\"Value\":\"false\"}}}}}]}}",
  "layoutOptimization": 0,
  "resourcePackages": [
    {
      "resourcePackage": {
        "disabled": false,
        "items": [
          {
            "name": "CY24SU10",
            "path": "BaseThemes/CY24SU10.json",
            "type": 202
          }
        ],
        "name": "SharedResources",
        "type": 2
      }
    }
  ],
  "sections": [
    {
      "config": "{}",
      "displayName": "Dashboard",
      "displayOption": 1,
      "filters": "[]",
      "height": 720.00,
      "name": "3e9545d2a303148bbab0",
      "visualContainers": [
        {
          "config": "{\"name\":\"135a281b1a55000963c9\",\"layouts\":[{\"id\":0,\"position\":{\"x\":1092.5,\"y\":26.25,\"z\":5000,\"width\":187.5,\"height\":83.75,\"tabOrder\":5000}}],\"singleVisual\":{\"visualType\":\"advancedSlicerVisual\",\"projections\":{\"Values\":[{\"queryRef\":\"dim_hotels.city\"}]},\"prototypeQuery\":{\"Version\":2,\"From\":[{\"Name\":\"d\",\"Entity\":\"dim_hotels\",\"Type\":0}],\"Select\":[{\"Column\":{\"Expression\":{\"SourceRef\":{\"Source\":\"d\"}},\"Property\":\"city\"},\"Name\":\"dim_hotels.city\",\"NativeReferenceName\":\"city\"}]},\"drillFilterOtherVisuals\":true,\"objects\":{\"general\":[{\"properties\":{}}],\"layout\":[{\"properties\":{\"style\":{\"expr\":{\"Literal\":{\"Value\":\"'Cards'\"}}},\"orientation\":{\"expr\":{\"Literal\":{\"Value\":\"0D\"}}},\"maxTiles\":{\"expr\":{\"Literal\":{\"Value\":\"2L\"}}},\"cellPadding\":{\"expr\":{\"Literal\":{\"Value\":\"4L\"}}},\"rowCount\":{\"expr\":{\"Literal\":{\"Value\":\"2L\"}}},\"columnCount\":{\"expr\":{\"Literal\":{\"Value\":\"2L\"}}}}}],\"overFlow\":[{\"properties\":{\"overFlowDirection\":{\"expr\":{\"Literal\":{\"Value\":\"0D\"}}}}}],\"value\":[{\"properties\":{\"fontSize\":{\"expr\":{\"Literal\":{\"Value\":\"10D\"}}},\"horizontalAlignment\":{\"expr\":{\"Literal\":{\"Value\":\"'center'\"}}}},\"selector\":{\"id\":\"default\"}}],\"fillCustom\":[{\"properties\":{\"fillColor\":{\"solid\":{\"color\":{\"expr\":{\"Literal\":{\"Value\":\"'#B9D6F2'\"}}}}}},\"selector\":{\"id\":\"default\"}}],\"outline\":[{\"properties\":{\"lineColor\":{\"solid\":{\"color\":{\"expr\":{\"ThemeDataColor\":{\"ColorId\":2,\"Percent\":-0.25}}}}}},\"selector\":{\"id\":\"default\"}}],\"shapeCustomRectangle\":[{\"properties\":{\"tileShape\":{\"expr\":{\"Literal\":{\"Value\":\"'rectangleRoundedByPixel'\"}}},\"rectangleRoundedCurve\":{\"expr\":{\"Literal\":{\"Value\":\"6L\"}}}},\"selector\":{\"id\":\"default\"}}]},\"vcObjects\":{\"title\":[{\"properties\":{\"show\":{\"expr\":{\"Literal\":{\"Value\":\"false\"}}}}}],\"visualHeader\":[{\"properties\":{\"show\":{\"expr\":{\"Literal\":{\"Value\":\"true\"}}}}}]}}}",
          "filters": "[]",
          "height": 83.75,
          "width": 187.50,
          "x": 1092.50,
          "y": 26.25,
          "z": 5000.00
        },
        {
          "config": "{\"name\":\"2a39bd790ddd837e0865\",\"layouts\":[{\"id\":0,\"position\":{\"x\":962.5,\"y\":0,\"z\":16000,\"width\":193.75,\"height\":30,\"tabOrder\":16000}}],\"singleVisual\":{\"visualType\":\"textbox\",\"drillFilterOtherVisuals\":true,\"objects\":{\"general\":[{\"properties\":{\"paragraphs\":[{\"textRuns\":[{\"value\":\"SLICERS\",\"textStyle\":{\"fontWeight\":\"bold\",\"color\":\"#000000\"}}],\"horizontalTextAlignment\":\"center\"}]}}]}}}",
          "filters": "[]",
          "height": 30.00,
          "width": 193.75,
          "x": 962.50,
          "y": 0.00,
          "z": 16000.00
        },
        {
          "config": "{\"name\":\"40c36514ee0d98e570ba\",\"layouts\":[{\"id\":0,\"position\":{\"x\":500,\"y\":7.5,\"z\":12000,\"width\":265,\"height\":352.5,\"tabOrder\":12000}}],\"singleVisual\":{\"visualType\":\"clusteredBarChart\",\"projections\":{\"Y\":[{\"queryRef\":\"All Measures.Cancellation %\"}],\"Category\":[{\"queryRef\":\"fact_bookings.booking_platform\",\"active\":true}]},\"prototypeQuery\":{\"Version\":2,\"From\":[{\"Name\":\"a\",\"Entity\":\"All Measures\",\"Type\":0},{\"Name\":\"f\",\"Entity\":\"fact_bookings\",\"Type\":0}],\"Select\":[{\"Measure\":{\"Expression\":{\"SourceRef\":{\"Source\":\"a\"}},\"Property\":\"Revenue Leakage %\"},\"Name\":\"All Measures.Cancellation %\",\"NativeReferenceName\":\"Revenue Leakage %\"},{\"Column\":{\"Expression\":{\"SourceRef\":{\"Source\":\"f\"}},\"Property\":\"booking_platform\"},\"Name\":\"fact_bookings.booking_platform\",\"NativeReferenceName\":\"booking_platform\"}],\"OrderBy\":[{\"Direction\":2,\"Expression\":{\"Measure\":{\"Expression\":{\"SourceRef\":{\"Source\":\"a\"}},\"Property\":\"Revenue Leakage %\"}}}]},\"drillFilterOtherVisuals\":true,\"hasDefaultSort\":true,\"objects\":{\"labels\":[{\"properties\":{\"show\":{\"expr\":{\"Literal\":{\"Value\":\"true\"}}}}}],\"dataPoint\":[{\"properties\":{\"fill\":{\"solid\":{\"color\":{\"expr\":{\"Literal\":{\"Value\":\"'#0D1A89'\"}}}}}}}],\"valueAxis\":[{\"properties\":{\"showAxisTitle\":{\"expr\":{\"Literal\":{\"Value\":\"false\"}}}}}],\"categoryAxis\":[{\"properties\":{\"showAxisTitle\":{\"expr\":{\"Literal\":{\"Value\":\"false\"}}}}}]},\"vcObjects\":{\"title\":[{\"properties\":{\"text\":{\"expr\":{\"Literal\":{\"Value\":\"'Revenue leakage % by Platform'\"}}},\"fontSize\":{\"expr\":{\"Literal\":{\"Value\":\"12D\"}}},\"alignment\":{\"expr\":{\"Literal\":{\"Value\":\"'center'\"}}}}}],\"background\":[{\"properties\":{\"color\":{\"solid\":{\"color\":{\"expr\":{\"Literal\":{\"Value\":\"'#FFFFFF'\"}}}}}}}]}}}",
          "filters": "[]",
          "height": 352.50,
          "width": 265.00,
          "x": 500.00,
          "y": 7.50,
          "z": 12000.00
        },
        {
          "config": "{\"name\":\"42fd485511a2768e3e0e\",\"layouts\":[{\"id\":0,\"position\":{\"x\":105.45454545454544,\"y\":49.99999999999999,\"z\":1000,\"width\":127.27272727272727,\"height\":79.09090909090908,\"tabOrder\":1000}}],\"singleVisual\":{\"visualType\":\"card\",\"projections\":{\"Values\":[{\"queryRef\":\"All Measures.ADR\"}]},\"prototypeQuery\":{\"Version\":2,\"From\":[{\"Name\":\"a\",\"Entity\":\"All Measures\",\"Type\":0}],\"Select\":[{\"Measure\":{\"Expression\":{\"SourceRef\":{\"Source\":\"a\"}},\"Property\":\"ADR\"},\"Name\":\"All Measures.ADR\",\"NativeReferenceName\":\"ADR\"}],\"OrderBy\":[{\"Direction\":2,\"Expression\":{\"Measure\":{\"Expression\":{\"SourceRef\":{\"Source\":\"a\"}},\"Property\":\"ADR\"}}}]},\"drillFilterOtherVisuals\":true,\"hasDefaultSort\":true,\"objects\":{\"labels\":[{\"properties\":{\"fontSize\":{\"expr\":{\"Literal\":{\"Value\":\"21D\"}}},\"color\":{\"solid\":{\"color\":{\"expr\":{\"ThemeDataColor\":{\"ColorId\":0,\"Percent\":0}}}}}}}],\"categoryLabels\":[{\"properties\":{\"fontSize\":{\"expr\":{\"Literal\":{\"Value\":\"8D\"}}},\"color\":{\"solid\":{\"color\":{\"expr\":{\"ThemeDataColor\":{\"ColorId\":0,\"Percent\":-0.2}}}}}}}]},\"vcObjects\":{\"border\":[{\"properties\":{\"show\":{\"expr\":{\"Literal\":{\"Value\":\"true\"}}},\"color\":{\"solid\":{\"color\":{\"expr\":{\"ThemeDataColor\":{\"ColorId\":0,\"Percent\":0}}}}},\"radius\":{\"expr\":{\"Literal\":{\"Value\":\"10D\"}}},\"width\":{\"expr\":{\"Literal\":{\"Value\":\"2D\"}}}}}],\"title\":[{\"properties\":{\"titleWrap\":{\"expr\":{\"Literal\":{\"Value\":\"true\"}}}}}],\"background\":[{\"properties\":{\"show\":{\"expr\":{\"Literal\":{\"Value\":\"true\"}}},\"color\":{\"solid\":{\"color\":{\"expr\":{\"ThemeDataColor\":{\"ColorId\":3,\"Percent\":-0.25}}}}},\"transparency\":{\"expr\":{\"Literal\":{\"Value\":\"0D\"}}}}}]}}}",
          "filters": "[]",
          "height": 79.09,
          "width": 127.27,
          "x": 105.45,
          "y": 50.00,
          "z": 1000.00
        },
        {
          "config": "{\"name\":\"4f017c28ccb90067ab84\",\"layouts\":[{\"id\":0,\"position\":{\"x\":12.5,\"y\":370,\"z\":9000,\"width\":373.75,\"height\":180,\"tabOrder\":9000}}],\"singleVisual\":{\"visualType\":\"lineChart\",\"projections\":{\"Category\":[{\"queryRef\":\"dim_date.month_label\",\"active\":true}],\"Y\":[{\"queryRef\":\"All Measures.Total Revenue Realized\"}]},\"prototypeQuery\":{\"Version\":2,\"From\":[{\"Name\":\"d\",\"Entity\":\"dim_date\",\"Type\":0},{\"Name\":\"a\",\"Entity\":\"All Measures\",\"Type\":0}],\"Select\":[{\"Column\":{\"Expression\":{\"SourceRef\":{\"Source\":\"d\"}},\"Property\":\"month_label\"},\"Name\":\"dim_date.month_label\",\"NativeReferenceName\":\"month_label\"},{\"Measure\":{\"Expression\":{\"SourceRef\":{\"Source\":\"a\"}},\"Property\":\"Total Revenue Realized\"},\"Name\":\"All Measures.Total Revenue Realized\",\"NativeReferenceName\":\"Total Revenue Realized\"}],\"OrderBy\":[{\"Direction\":1,\"Expression\":{\"Column\":{\"Expression\":{\"SourceRef\":{\"Source\":\"d\"}},\"Property\":\"month_label\"}}}]},\"drillFilterOtherVisuals\":true,\"hasDefaultSort\":true,\"objects\":{\"valueAxis\":[{\"properties\":{\"gridlineShow\":{\"expr\":{\"Literal\":{\"Value\":\"false\"}}},\"showAxisTitle\":{\"expr\":{\"Literal\":{\"Value\":\"false\"}}},\"labelPrecision\":{\"expr\":{\"Literal\":{\"Value\":\"0L\"}}}}}],\"labels\":[{\"properties\":{\"show\":{\"expr\":{\"Literal\":{\"Value\":\"false\"}}},\"labelPosition\":{\"expr\":{\"Literal\":{\"Value\":\"'Above'\"}}},\"minimumOffset\":{\"expr\":{\"Literal\":{\"Value\":\"17D\"}}},\"maximumOffset\":{\"expr\":{\"Literal\":{\"Value\":\"70D\"}}}}}],\"categoryAxis\":[{\"properties\":{\"gridlineShow\":{\"expr\":{\"Literal\":{\"Value\":\"false\"}}},\"show\":{\"expr\":{\"Literal\":{\"Value\":\"true\"}}},\"showAxisTitle\":{\"expr\":{\"Literal\":{\"Value\":\"false\"}}}}}],\"y2Axis\":[{\"properties\":{\"secLabelDisplayUnits\":{\"expr\":{\"Literal\":{\"Value\":\"1D\"}}},\"secLabelPrecision\":{\"expr\":{\"Literal\":{\"Value\":\"0L\"}}}}}],\"legend\":[{\"properties\":{\"show\":{\"expr\":{\"Literal\":{\"Value\":\"false\"}}}}}],\"dataPoint\":[{\"properties\":{\"fill\":{\"solid\":{\"color\":{\"expr\":{\"ThemeDataColor\":{\"ColorId\":4,\"Percent\":-0.25}}}}}},\"selector\":{\"metadata\":\"All Measures.Total Revenue Realized\"}}]},\"vcObjects\":{\"title\":[{\"properties\":{\"show\":{\"expr\":{\"Literal\":{\"Value\":\"true\"}}},\"text\":{\"expr\":{\"Literal\":{\"Value\":\"'Total Revenue (Realized) by Month'\"}}},\"heading\":{\"expr\":{\"Literal\":{\"Value\":\"'Heading2'\"}}},\"alignment\":{\"expr\":{\"Literal\":{\"Value\":\"'center'\"}}}}}]}}}",
          "filters": "[]",
          "height": 180.00,
          "width": 373.75,
          "x": 12.50,
          "y": 370.00,
          "z": 9000.00
        },
        {
          "config": "{\"name\":\"567c67bb20d30cce40a0\",\"layouts\":[{\"id\":0,\"position\":{\"x\":1092.5,\"y\":108.75,\"z\":8000,\"width\":187.5,\"height\":41.25,\"tabOrder\":8000}}],\"singleVisual\":{\"visualType\":\"advancedSlicerVisual\",\"projections\":{\"Values\":[{\"queryRef\":\"dim_date.day_type\"}]},\"prototypeQuery\":{\"Version\":2,\"From\":[{\"Name\":\"d\",\"Entity\":\"dim_date\",\"Type\":0}],\"Select\":[{\"Column\":{\"Expression\":{\"SourceRef\":{\"Source\":\"d\"}},\"Property\":\"day_type\"},\"Name\":\"dim_date.day_type\",\"NativeReferenceName\":\"day_type\"}]},\"drillFilterOtherVisuals\":true,\"objects\":{\"layout\":[{\"properties\":{\"orientation\":{\"expr\":{\"Literal\":{\"Value\":\"0D\"}}},\"style\":{\"expr\":{\"Literal\":{\"Value\":\"'Cards'\"}}},\"rowCount\":{\"expr\":{\"Literal\":{\"Value\":\"1L\"}}},\"columnCount\":{\"expr\":{\"Literal\":{\"Value\":\"2L\"}}}}}],\"overFlow\":[{\"properties\":{\"overFlowDirection\":{\"expr\":{\"Literal\":{\"Value\":\"1D\"}}}}}],\"general\":[{\"properties\":{}}],\"value\":[{\"properties\":{\"fontSize\":{\"expr\":{\"Literal\":{\"Value\":\"10D\"}}},\"horizontalAlignment\":{\"expr\":{\"Literal\":{\"Value\":\"'center'\"}}}},\"selector\":{\"id\":\"default\"}}],\"fillCustom\":[{\"properties\":{\"fillColor\":{\"solid\":{\"color\":{\"expr\":{\"Literal\":{\"Value\":\"'#EBF2F8'\"}}}}}},\"selector\":{\"id\":\"default\"}}],\"shapeCustomRectangle\":[{\"properties\":{\"tileShape\":{\"expr\":{\"Literal\":{\"Value\":\"'rectangleRoundedByPixel'\"}}},\"rectangleRoundedCurve\":{\"expr\":{\"Literal\":{\"Value\":\"6L\"}}}},\"selector\":{\"id\":\"default\"}}],\"outline\":[{\"properties\":{\"lineColor\":{\"solid\":{\"color\":{\"expr\":{\"ThemeDataColor\":{\"ColorId\":2,\"Percent\":0.6}}}}}},\"selector\":{\"id\":\"default\"}}]},\"vcObjects\":{\"title\":[{\"properties\":{\"show\":{\"expr\":{\"Literal\":{\"Value\":\"false\"}}}}}]}}}",
          "filters": "[]",
          "height": 41.25,
          "width": 187.50,
          "x": 1092.50,
          "y": 108.75,
          "z": 8000.00
        },
        {
          "config": "{\"name\":\"5ad98a1ee56306d7d45a\",\"layouts\":[{\"id\":0,\"position\":{\"x\":368.18181818181813,\"y\":50.90909090909091,\"z\":3000,\"width\":129.0909090909091,\"height\":79.09090909090908,\"tabOrder\":3000}}],\"singleVisual\":{\"visualType\":\"card\",\"projections\":{\"Values\":[{\"queryRef\":\"All Measures.Cancellation %\"}]},\"prototypeQuery\":{\"Version\":2,\"From\":[{\"Name\":\"a\",\"Entity\":\"All Measures\",\"Type\":0}],\"Select\":[{\"Measure\":{\"Expression\":{\"SourceRef\":{\"Source\":\"a\"}},\"Property\":\"Revenue Leakage %\"},\"Name\":\"All Measures.Cancellation %\",\"NativeReferenceName\":\"Revenue Leakage %\"}],\"OrderBy\":[{\"Direction\":2,\"Expression\":{\"Measure\":{\"Expression\":{\"SourceRef\":{\"Source\":\"a\"}},\"Property\":\"Revenue Leakage %\"}}}]},\"drillFilterOtherVisuals\":true,\"hasDefaultSort\":true,\"objects\":{\"labels\":[{\"properties\":{\"fontSize\":{\"expr\":{\"Literal\":{\"Value\":\"21D\"}}},\"color\":{\"solid\":{\"color\":{\"expr\":{\"ThemeDataColor\":{\"ColorId\":0,\"Percent\":0}}}}}}}],\"categoryLabels\":[{\"properties\":{\"fontSize\":{\"expr\":{\"Literal\":{\"Value\":\"8D\"}}},\"color\":{\"solid\":{\"color\":{\"expr\":{\"ThemeDataColor\":{\"ColorId\":0,\"Percent\":-0.2}}}}}}}]},\"vcObjects\":{\"border\":[{\"properties\":{\"show\":{\"expr\":{\"Literal\":{\"Value\":\"true\"}}},\"color\":{\"solid\":{\"color\":{\"expr\":{\"ThemeDataColor\":{\"ColorId\":0,\"Percent\":0}}}}},\"radius\":{\"expr\":{\"Literal\":{\"Value\":\"10D\"}}},\"width\":{\"expr\":{\"Literal\":{\"Value\":\"2D\"}}}}}],\"title\":[{\"properties\":{\"titleWrap\":{\"expr\":{\"Literal\":{\"Value\":\"true\"}}}}}],\"background\":[{\"properties\":{\"show\":{\"expr\":{\"Literal\":{\"Value\":\"true\"}}},\"color\":{\"solid\":{\"color\":{\"expr\":{\"ThemeDataColor\":{\"ColorId\":3,\"Percent\":-0.25}}}}},\"transparency\":{\"expr\":{\"Literal\":{\"Value\":\"0D\"}}}}}]}}}",
          "filters": "[]",
          "height": 79.09,
          "width": 129.09,
          "x": 368.18,
          "y": 50.91,
          "z": 3000.00
        },
        {
          "config": "{\"name\":\"60ad50ef7a576309bcc4\",\"layouts\":[{\"id\":0,\"position\":{\"x\":241.81818181818178,\"y\":49.99999999999999,\"z\":2000,\"width\":118.18181818181817,\"height\":79.09090909090908,\"tabOrder\":2000}}],\"singleVisual\":{\"visualType\":\"card\",\"projections\":{\"Values\":[{\"queryRef\":\"All Measures.RevPAR\"}]},\"prototypeQuery\":{\"Version\":2,\"From\":[{\"Name\":\"a\",\"Entity\":\"All Measures\",\"Type\":0}],\"Select\":[{\"Measure\":{\"Expression\":{\"SourceRef\":{\"Source\":\"a\"}},\"Property\":\"RevPAR\"},\"Name\":\"All Measures.RevPAR\",\"NativeReferenceName\":\"RevPAR\"}],\"OrderBy\":[{\"Direction\":2,\"Expression\":{\"Measure\":{\"Expression\":{\"SourceRef\":{\"Source\":\"a\"}},\"Property\":\"RevPAR\"}}}]},\"drillFilterOtherVisuals\":true,\"hasDefaultSort\":true,\"objects\":{\"labels\":[{\"properties\":{\"fontSize\":{\"expr\":{\"Literal\":{\"Value\":\"21D\"}}},\"color\":{\"solid\":{\"color\":{\"expr\":{\"ThemeDataColor\":{\"ColorId\":0,\"Percent\":0}}}}}}}],\"categoryLabels\":[{\"properties\":{\"fontSize\":{\"expr\":{\"Literal\":{\"Value\":\"8D\"}}},\"color\":{\"solid\":{\"color\":{\"expr\":{\"ThemeDataColor\":{\"ColorId\":0,\"Percent\":-0.2}}}}}}}]},\"vcObjects\":{\"border\":[{\"properties\":{\"show\":{\"expr\":{\"Literal\":{\"Value\":\"true\"}}},\"color\":{\"solid\":{\"color\":{\"expr\":{\"ThemeDataColor\":{\"ColorId\":0,\"Percent\":0}}}}},\"radius\":{\"expr\":{\"Literal\":{\"Value\":\"10D\"}}},\"width\":{\"expr\":{\"Literal\":{\"Value\":\"2D\"}}}}}],\"title\":[{\"properties\":{\"titleWrap\":{\"expr\":{\"Literal\":{\"Value\":\"true\"}}}}}],\"background\":[{\"properties\":{\"show\":{\"expr\":{\"Literal\":{\"Value\":\"true\"}}},\"color\":{\"solid\":{\"color\":{\"expr\":{\"ThemeDataColor\":{\"ColorId\":3,\"Percent\":-0.25}}}}},\"transparency\":{\"expr\":{\"Literal\":{\"Value\":\"0D\"}}}}}]}}}",
          "filters": "[]",
          "height": 79.09,
          "width": 118.18,
          "x": 241.82,
          "y": 50.00,
          "z": 2000.00
        },
        {
          "config": "{\"name\":\"68822684bc4010009a95\",\"layouts\":[{\"id\":0,\"position\":{\"x\":1.25,\"y\":142.5,\"z\":7000,\"width\":385,\"height\":217.5,\"tabOrder\":7000}}],\"singleVisual\":{\"visualType\":\"lineChart\",\"projections\":{\"Category\":[{\"queryRef\":\"dim_date.month_label\",\"active\":true}],\"Y\":[{\"queryRef\":\"All Measures.Occupancy %\"}],\"Y2\":[{\"queryRef\":\"All Measures.RevPAR\"}]},\"prototypeQuery\":{\"Version\":2,\"From\":[{\"Name\":\"d\",\"Entity\":\"dim_date\",\"Type\":0},{\"Name\":\"a\",\"Entity\":\"All Measures\",\"Type\":0}],\"Select\":[{\"Column\":{\"Expression\":{\"SourceRef\":{\"Source\":\"d\"}},\"Property\":\"month_label\"},\"Name\":\"dim_date.month_label\",\"NativeReferenceName\":\"month_label\"},{\"Measure\":{\"Expression\":{\"SourceRef\":{\"Source\":\"a\"}},\"Property\":\"Occupancy %\"},\"Name\":\"All Measures.Occupancy %\",\"NativeReferenceName\":\"Occupancy %\"},{\"Measure\":{\"Expression\":{\"SourceRef\":{\"Source\":\"a\"}},\"Property\":\"RevPAR\"},\"Name\":\"All Measures.RevPAR\",\"NativeReferenceName\":\"RevPAR\"}],\"OrderBy\":[{\"Direction\":1,\"Expression\":{\"Column\":{\"Expression\":{\"SourceRef\":{\"Source\":\"d\"}},\"Property\":\"month_label\"}}}]},\"drillFilterOtherVisuals\":true,\"hasDefaultSort\":true,\"objects\":{\"valueAxis\":[{\"properties\":{\"gridlineShow\":{\"expr\":{\"Literal\":{\"Value\":\"false\"}}},\"showAxisTitle\":{\"expr\":{\"Literal\":{\"Value\":\"false\"}}}}}],\"labels\":[{\"properties\":{\"show\":{\"expr\":{\"Literal\":{\"Value\":\"false\"}}},\"labelPosition\":{\"expr\":{\"Literal\":{\"Value\":\"'Above'\"}}},\"minimumOffset\":{\"expr\":{\"Literal\":{\"Value\":\"17D\"}}},\"maximumOffset\":{\"expr\":{\"Literal\":{\"Value\":\"70D\"}}}}}],\"categoryAxis\":[{\"properties\":{\"gridlineShow\":{\"expr\":{\"Literal\":{\"Value\":\"false\"}}},\"show\":{\"expr\":{\"Literal\":{\"Value\":\"true\"}}},\"showAxisTitle\":{\"expr\":{\"Literal\":{\"Value\":\"false\"}}}}}],\"y2Axis\":[{\"properties\":{\"secLabelDisplayUnits\":{\"expr\":{\"Literal\":{\"Value\":\"1D\"}}},\"secLabelPrecision\":{\"expr\":{\"Literal\":{\"Value\":\"0L\"}}}}}],\"legend\":[{\"properties\":{\"show\":{\"expr\":{\"Literal\":{\"Value\":\"false\"}}}}}],\"dataPoint\":[{\"properties\":{\"fill\":{\"solid\":{\"color\":{\"expr\":{\"ThemeDataColor\":{\"ColorId\":4,\"Percent\":0.2}}}}}},\"selector\":{\"metadata\":\"All Measures.Occupancy %\"}},{\"properties\":{\"fill\":{\"solid\":{\"color\":{\"expr\":{\"ThemeDataColor\":{\"ColorId\":4,\"Percent\":-0.25}}}}}},\"selector\":{\"metadata\":\"All Measures.RevPAR\"}}]},\"vcObjects\":{\"title\":[{\"properties\":{\"show\":{\"expr\":{\"Literal\":{\"Value\":\"true\"}}},\"text\":{\"expr\":{\"Literal\":{\"Value\":\"'Occupancy % and RevPAR by Month'\"}}},\"heading\":{\"expr\":{\"Literal\":{\"Value\":\"'Heading2'\"}}},\"alignment\":{\"expr\":{\"Literal\":{\"Value\":\"'center'\"}}}}}]}}}",
          "filters": "[]",
          "height": 217.50,
          "width": 385.00,
          "x": 1.25,
          "y": 142.50,
          "z": 7000.00
        },
        {
          "config": "{\"name\":\"9aaad129ce11e8183b77\",\"layouts\":[{\"id\":0,\"position\":{\"x\":0,\"y\":0,\"z\":15000,\"width\":453.3839342188488,\"height\":50.19607843137255,\"tabOrder\":15000}}],\"singleVisual\":{\"visualType\":\"textbox\",\"drillFilterOtherVisuals\":true,\"objects\":{\"general\":[{\"properties\":{\"paragraphs\":[{\"textRuns\":[{\"value\":\"HOSPITALITY SECTOR DASHBOARD\",\"textStyle\":{\"fontWeight\":\"bold\",\"fontSize\":\"18pt\",\"color\":\"#ad5129\"}}],\"horizontalTextAlignment\":\"center\"}]}}]}}}",
          "filters": "[]",
          "height": 50.20,
          "width": 453.38,
          "x": 0.00,
          "y": 0.00,
          "z": 15000.00
        },
        {
          "config": "{\"name\":\"9fc2cba4242dc171de78\",\"layouts\":[{\"id\":0,\"position\":{\"x\":766.25,\"y\":460,\"z\":13000,\"width\":513.75,\"height\":260,\"tabOrder\":13000}}],\"singleVisual\":{\"visualType\":\"lineClusteredColumnComboChart\",\"projections\":{\"Category\":[{\"queryRef\":\"Analyze lead time midweek vs weekend to check booking behavior.lead_time_bucket\",\"active\":true}],\"Y\":[{\"queryRef\":\"Sum(Analyze lead time midweek vs weekend to check booking behavior.total_bookings)\"}],\"Y2\":[{\"queryRef\":\"All Measures.Cancellation Rate (%)\"}]},\"prototypeQuery\":{\"Version\":2,\"From\":[{\"Name\":\"a\",\"Entity\":\"Analyze lead time midweek vs weekend to check booking behavior\",\"Type\":0},{\"Name\":\"a1\",\"Entity\":\"All Measures\",\"Type\":0}],\"Select\":[{\"Column\":{\"Expression\":{\"SourceRef\":{\"Source\":\"a\"}},\"Property\":\"lead_time_bucket\"},\"Name\":\"Analyze lead time midweek vs weekend to check booking behavior.lead_time_bucket\",\"NativeReferenceName\":\"lead_time_bucket\"},{\"Aggregation\":{\"Expression\":{\"Column\":{\"Expression\":{\"SourceRef\":{\"Source\":\"a\"}},\"Property\":\"total_bookings\"}},\"Function\":0},\"Name\":\"Sum(Analyze lead time midweek vs weekend to check booking behavior.total_bookings)\",\"NativeReferenceName\":\"Sum of total_bookings\"},{\"Measure\":{\"Expression\":{\"SourceRef\":{\"Source\":\"a1\"}},\"Property\":\"Cancellation Rate (%)\"},\"Name\":\"All Measures.Cancellation Rate (%)\",\"NativeReferenceName\":\"Cancellation Rate (%)\"}],\"OrderBy\":[{\"Direction\":2,\"Expression\":{\"Aggregation\":{\"Expression\":{\"Column\":{\"Expression\":{\"SourceRef\":{\"Source\":\"a\"}},\"Property\":\"total_bookings\"}},\"Function\":0}}}]},\"drillFilterOtherVisuals\":true,\"hasDefaultSort\":true,\"objects\":{\"categoryAxis\":[{\"properties\":{\"showAxisTitle\":{\"expr\":{\"Literal\":{\"Value\":\"false\"}}}}}],\"valueAxis\":[{\"properties\":{\"showAxisTitle\":{\"expr\":{\"Literal\":{\"Value\":\"false\"}}},\"gridlineShow\":{\"expr\":{\"Literal\":{\"Value\":\"false\"}}}}}],\"legend\":[{\"properties\":{\"position\":{\"expr\":{\"Literal\":{\"Value\":\"'TopCenter'\"}}},\"show\":{\"expr\":{\"Literal\":{\"Value\":\"false\"}}}}}],\"dataPoint\":[{\"properties\":{\"fill\":{\"solid\":{\"color\":{\"expr\":{\"ThemeDataColor\":{\"ColorId\":3,\"Percent\":-0.5}}}}}},\"selector\":{\"data\":[{\"scopeId\":{\"Comparison\":{\"ComparisonKind\":0,\"Left\":{\"Column\":{\"Expression\":{\"SourceRef\":{\"Entity\":\"Analyze lead time midweek vs weekend to check booking behavior\"}},\"Property\":\"lead_time_bucket\"}},\"Right\":{\"Literal\":{\"Value\":\"'0-2 days'\"}}}}}]}},{\"properties\":{\"fill\":{\"solid\":{\"color\":{\"expr\":{\"ThemeDataColor\":{\"ColorId\":3,\"Percent\":-0.25}}}}}},\"selector\":{\"data\":[{\"scopeId\":{\"Comparison\":{\"ComparisonKind\":0,\"Left\":{\"Column\":{\"Expression\":{\"SourceRef\":{\"Entity\":\"Analyze lead time midweek vs weekend to check booking behavior\"}},\"Property\":\"lead_time_bucket\"}},\"Right\":{\"Literal\":{\"Value\":\"'3-7 days'\"}}}}}]}},{\"properties\":{\"fill\":{\"solid\":{\"color\":{\"expr\":{\"Literal\":{\"Value\":\"'#3344C6'\"}}}}}},\"selector\":{\"data\":[{\"scopeId\":{\"Comparison\":{\"ComparisonKind\":0,\"Left\":{\"Column\":{\"Expression\":{\"SourceRef\":{\"Entity\":\"Analyze lead time midweek vs weekend to check booking behavior\"}},\"Property\":\"lead_time_bucket\"}},\"Right\":{\"Literal\":{\"Value\":\"'15-30 days'\"}}}}}]}},{\"properties\":{\"fill\":{\"solid\":{\"color\":{\"expr\":{\"ThemeDataColor\":{\"ColorId\":4,\"Percent\":-0.25}}}}}},\"selector\":{\"metadata\":\"All Measures.Cancellation Rate (%)\"}}]},\"vcObjects\":{\"title\":[{\"properties\":{\"text\":{\"expr\":{\"Literal\":{\"Value\":\"'Lead Time vs Cancellations and Bookings'\"}}},\"alignment\":{\"expr\":{\"Literal\":{\"Value\":\"'center'\"}}}}}]}}}",
          "filters": "[]",
          "height": 260.00,
          "width": 513.75,
          "x": 766.25,
          "y": 460.00,
          "z": 13000.00
        },
        {
          "config": "{\"name\":\"a2e5b502c3ade529b4c9\",\"layouts\":[{\"id\":0,\"position\":{\"x\":432.5,\"y\":360,\"z\":14000,\"width\":313.75,\"height\":203.75,\"tabOrder\":14000}}],\"singleVisual\":{\"visualType\":\"donutChart\",\"projections\":{\"Category\":[{\"queryRef\":\"Category wise cancellations.category\",\"active\":true}],\"Y\":[{\"queryRef\":\"CountNonNull(Category wise cancellations.cancellations)\"}],\"Tooltips\":[{\"queryRef\":\"CountNonNull(Category wise cancellations.hotel_count)\"},{\"queryRef\":\"CountNonNull(Category wise cancellations.cancellation_rate_percent)\"}]},\"prototypeQuery\":{\"Version\":2,\"From\":[{\"Name\":\"c\",\"Entity\":\"Category wise cancellations\",\"Type\":0}],\"Select\":[{\"Column\":{\"Expression\":{\"SourceRef\":{\"Source\":\"c\"}},\"Property\":\"category\"},\"Name\":\"Category wise cancellations.category\",\"NativeReferenceName\":\"category\"},{\"Aggregation\":{\"Expression\":{\"Column\":{\"Expression\":{\"SourceRef\":{\"Source\":\"c\"}},\"Property\":\"cancellations\"}},\"Function\":0},\"Name\":\"CountNonNull(Category wise cancellations.cancellations)\",\"NativeReferenceName\":\"Sum of cancellations\"},{\"Aggregation\":{\"Expression\":{\"Column\":{\"Expression\":{\"SourceRef\":{\"Source\":\"c\"}},\"Property\":\"cancellation_rate_percent\"}},\"Function\":0},\"Name\":\"CountNonNull(Category wise cancellations.cancellation_rate_percent)\",\"NativeReferenceName\":\"Sum of cancellation_rate_percent\"},{\"Aggregation\":{\"Expression\":{\"Column\":{\"Expression\":{\"SourceRef\":{\"Source\":\"c\"}},\"Property\":\"hotel_count\"}},\"Function\":0},\"Name\":\"CountNonNull(Category wise cancellations.hotel_count)\",\"NativeReferenceName\":\"Sum of hotel_count\"}],\"OrderBy\":[{\"Direction\":2,\"Expression\":{\"Aggregation\":{\"Expression\":{\"Column\":{\"Expression\":{\"SourceRef\":{\"Source\":\"c\"}},\"Property\":\"cancellations\"}},\"Function\":0}}}]},\"drillFilterOtherVisuals\":true,\"hasDefaultSort\":true,\"objects\":{\"legend\":[{\"properties\":{\"show\":{\"expr\":{\"Literal\":{\"Value\":\"false\"}}}}}],\"labels\":[{\"properties\":{\"show\":{\"expr\":{\"Literal\":{\"Value\":\"true\"}}},\"labelStyle\":{\"expr\":{\"Literal\":{\"Value\":\"'Category'\"}}}}}],\"dataPoint\":[{\"properties\":{\"fill\":{\"solid\":{\"color\":{\"expr\":{\"ThemeDataColor\":{\"ColorId\":3,\"Percent\":-0.25}}}}}},\"selector\":{\"data\":[{\"scopeId\":{\"Comparison\":{\"ComparisonKind\":0,\"Left\":{\"Column\":{\"Expression\":{\"SourceRef\":{\"Entity\":\"Category wise cancellations\"}},\"Property\":\"category\"}},\"Right\":{\"Literal\":{\"Value\":\"'Luxury'\"}}}}}]}},{\"properties\":{\"fill\":{\"solid\":{\"color\":{\"expr\":{\"Literal\":{\"Value\":\"'#88C0E7'\"}}}}}},\"selector\":{\"data\":[{\"scopeId\":{\"Comparison\":{\"ComparisonKind\":0,\"Left\":{\"Column\":{\"Expression\":{\"SourceRef\":{\"Entity\":\"Category wise cancellations\"}},\"Property\":\"category\"}},\"Right\":{\"Literal\":{\"Value\":\"'Business'\"}}}}}]}}]},\"vcObjects\":{\"title\":[{\"properties\":{\"text\":{\"expr\":{\"Literal\":{\"Value\":\"'Cancellations by Hotel Category'\"}}},\"alignment\":{\"expr\":{\"Literal\":{\"Value\":\"'center'\"}}},\"fontSize\":{\"expr\":{\"Literal\":{\"Value\":\"11D\"}}}}}]}}}",
          "filters": "[]",
          "height": 203.75,
          "width": 313.75,
          "x": 432.50,
          "y": 360.00,
          "z": 14000.00
        },
        {
          "config": "{\"name\":\"a3dadf6560a940579027\",\"layouts\":[{\"id\":0,\"position\":{\"x\":776.25,\"y\":26.25,\"z\":6000,\"width\":202.5,\"height\":131.25,\"tabOrder\":6000}}],\"singleVisual\":{\"visualType\":\"advancedSlicerVisual\",\"projections\":{\"Values\":[{\"queryRef\":\"dim_rooms.room_class\"}]},\"prototypeQuery\":{\"Version\":2,\"From\":[{\"Name\":\"d\",\"Entity\":\"dim_rooms\",\"Type\":0}],\"Select\":[{\"Column\":{\"Expression\":{\"SourceRef\":{\"Source\":\"d\"}},\"Property\":\"room_class\"},\"Name\":\"dim_rooms.room_class\",\"NativeReferenceName\":\"room_class\"}]},\"drillFilterOtherVisuals\":true,\"objects\":{\"layout\":[{\"properties\":{\"orientation\":{\"expr\":{\"Literal\":{\"Value\":\"0D\"}}},\"rowCount\":{\"expr\":{\"Literal\":{\"Value\":\"3L\"}}},\"columnCount\":{\"expr\":{\"Literal\":{\"Value\":\"2L\"}}},\"style\":{\"expr\":{\"Literal\":{\"Value\":\"'Cards'\"}}}}}],\"value\":[{\"properties\":{\"fontSize\":{\"expr\":{\"Literal\":{\"Value\":\"10D\"}}},\"horizontalAlignment\":{\"expr\":{\"Literal\":{\"Value\":\"'center'\"}}},\"fontColor\":{\"solid\":{\"color\":{\"expr\":{\"ThemeDataColor\":{\"ColorId\":1,\"Percent\":0}}}}},\"bold\":{\"expr\":{\"Literal\":{\"Value\":\"false\"}}},\"italic\":{\"expr\":{\"Literal\":{\"Value\":\"false\"}}}},\"selector\":{\"id\":\"default\"}}],\"overFlow\":[{\"properties\":{\"overFlowDirection\":{\"expr\":{\"Literal\":{\"Value\":\"1D\"}}}}}],\"general\":[{\"properties\":{}}],\"fillCustom\":[{\"properties\":{\"fillColor\":{\"solid\":{\"color\":{\"expr\":{\"ThemeDataColor\":{\"ColorId\":0,\"Percent\":-0.2}}}}}},\"selector\":{\"id\":\"default\"}}],\"shapeCustomRectangle\":[{\"properties\":{\"tileShape\":{\"expr\":{\"Literal\":{\"Value\":\"'rectangleRoundedByPixel'\"}}},\"rectangleRoundedCurve\":{\"expr\":{\"Literal\":{\"Value\":\"8L\"}}}},\"selector\":{\"id\":\"default\"}}]},\"vcObjects\":{\"title\":[{\"properties\":{\"show\":{\"expr\":{\"Literal\":{\"Value\":\"false\"}}},\"titleWrap\":{\"expr\":{\"Literal\":{\"Value\":\"true\"}}}}}],\"background\":[{\"properties\":{\"show\":{\"expr\":{\"Literal\":{\"Value\":\"true\"}}},\"transparency\":{\"expr\":{\"Literal\":{\"Value\":\"0D\"}}}}}],\"border\":[{\"properties\":{\"width\":{\"expr\":{\"Literal\":{\"Value\":\"1D\"}}}}}]}}}",
          "filters": "[]",
          "height": 131.25,
          "width": 202.50,
          "x": 776.25,
          "y": 26.25,
          "z": 6000.00
        },
        {
          "config": "{\"name\":\"b9ec26db1aa0e6c01904\",\"layouts\":[{\"id\":0,\"position\":{\"x\":0.9090909090909091,\"y\":49.99999999999999,\"z\":0,\"width\":97.27272727272727,\"height\":79.09090909090908,\"tabOrder\":0}}],\"singleVisual\":{\"visualType\":\"card\",\"projections\":{\"Values\":[{\"queryRef\":\"All Measures.Occupancy %\"}]},\"prototypeQuery\":{\"Version\":2,\"From\":[{\"Name\":\"a\",\"Entity\":\"All Measures\",\"Type\":0}],\"Select\":[{\"Measure\":{\"Expression\":{\"SourceRef\":{\"Source\":\"a\"}},\"Property\":\"Occupancy %\"},\"Name\":\"All Measures.Occupancy %\",\"NativeReferenceName\":\"Occupancy %\"}],\"OrderBy\":[{\"Direction\":2,\"Expression\":{\"Measure\":{\"Expression\":{\"SourceRef\":{\"Source\":\"a\"}},\"Property\":\"Occupancy %\"}}}]},\"drillFilterOtherVisuals\":true,\"hasDefaultSort\":true,\"objects\":{\"labels\":[{\"properties\":{\"fontSize\":{\"expr\":{\"Literal\":{\"Value\":\"21D\"}}},\"color\":{\"solid\":{\"color\":{\"expr\":{\"ThemeDataColor\":{\"ColorId\":0,\"Percent\":0}}}}}}}],\"categoryLabels\":[{\"properties\":{\"fontSize\":{\"expr\":{\"Literal\":{\"Value\":\"8D\"}}},\"color\":{\"solid\":{\"color\":{\"expr\":{\"ThemeDataColor\":{\"ColorId\":0,\"Percent\":-0.2}}}}}}}]},\"vcObjects\":{\"border\":[{\"properties\":{\"width\":{\"expr\":{\"Literal\":{\"Value\":\"2D\"}}},\"show\":{\"expr\":{\"Literal\":{\"Value\":\"true\"}}},\"radius\":{\"expr\":{\"Literal\":{\"Value\":\"10D\"}}},\"color\":{\"solid\":{\"color\":{\"expr\":{\"ThemeDataColor\":{\"ColorId\":0,\"Percent\":0}}}}}}}],\"title\":[{\"properties\":{\"titleWrap\":{\"expr\":{\"Literal\":{\"Value\":\"true\"}}}}}],\"background\":[{\"properties\":{\"show\":{\"expr\":{\"Literal\":{\"Value\":\"true\"}}},\"transparency\":{\"expr\":{\"Literal\":{\"Value\":\"0D\"}}},\"color\":{\"solid\":{\"color\":{\"expr\":{\"ThemeDataColor\":{\"ColorId\":3,\"Percent\":-0.25}}}}}}}]}}}",
          "filters": "[]",
          "height": 79.09,
          "width": 97.27,
          "x": 0.91,
          "y": 50.00,
          "z": 0.00
        },
        {
          "config": "{\"name\":\"cfb1f119c5c051801d4c\",\"layouts\":[{\"id\":0,\"position\":{\"x\":12.95382669196711,\"y\":573.2068311195446,\"z\":11000,\"width\":752.9411764705883,\"height\":147.34977862112586,\"tabOrder\":11000}}],\"singleVisual\":{\"visualType\":\"pivotTable\",\"projections\":{\"Rows\":[{\"queryRef\":\"dim_hotels.city\",\"active\":true}],\"Values\":[{\"queryRef\":\"All Measures.Total Revenue Realized\"},{\"queryRef\":\"All Measures.Occupancy %\"},{\"queryRef\":\"All Measures.Cancellation %\"},{\"queryRef\":\"All Measures.RevPAR\"},{\"queryRef\":\"All Measures.ADR\"}]},\"prototypeQuery\":{\"Version\":2,\"From\":[{\"Name\":\"d\",\"Entity\":\"dim_hotels\",\"Type\":0},{\"Name\":\"a\",\"Entity\":\"All Measures\",\"Type\":0}],\"Select\":[{\"Column\":{\"Expression\":{\"SourceRef\":{\"Source\":\"d\"}},\"Property\":\"city\"},\"Name\":\"dim_hotels.city\",\"NativeReferenceName\":\"city\"},{\"Measure\":{\"Expression\":{\"SourceRef\":{\"Source\":\"a\"}},\"Property\":\"Total Revenue Realized\"},\"Name\":\"All Measures.Total Revenue Realized\",\"NativeReferenceName\":\"Total Revenue Realized\"},{\"Measure\":{\"Expression\":{\"SourceRef\":{\"Source\":\"a\"}},\"Property\":\"Occupancy %\"},\"Name\":\"All Measures.Occupancy %\",\"NativeReferenceName\":\"Occupancy %\"},{\"Measure\":{\"Expression\":{\"SourceRef\":{\"Source\":\"a\"}},\"Property\":\"Revenue Leakage %\"},\"Name\":\"All Measures.Cancellation %\",\"NativeReferenceName\":\"Cancellation %\"},{\"Measure\":{\"Expression\":{\"SourceRef\":{\"Source\":\"a\"}},\"Property\":\"RevPAR\"},\"Name\":\"All Measures.RevPAR\",\"NativeReferenceName\":\"RevPAR\"},{\"Measure\":{\"Expression\":{\"SourceRef\":{\"Source\":\"a\"}},\"Property\":\"ADR\"},\"Name\":\"All Measures.ADR\",\"NativeReferenceName\":\"ADR\"}],\"OrderBy\":[{\"Direction\":2,\"Expression\":{\"Measure\":{\"Expression\":{\"SourceRef\":{\"Source\":\"a\"}},\"Property\":\"Total Revenue Realized\"}}}]},\"columnProperties\":{\"All Measures.Occupancy %\":{\"formatString\":\"0.0%;-0.0%;0.0%\"},\"All Measures.Cancellation %\":{\"formatString\":\"0.0%;-0.0%;0.0%\"},\"All Measures.RevPAR\":{\"formatString\":\"\\\"₹\\\" #,0;\\\"₹\\\" -#,0;\\\"₹\\\" #,0\"},\"All Measures.ADR\":{\"formatString\":\"\\\"₹\\\" #,0;\\\"₹\\\" -#,0;\\\"₹\\\" #,0\"}},\"drillFilterOtherVisuals\":true,\"objects\":{\"subTotals\":[{\"properties\":{\"columnSubtotals\":{\"expr\":{\"Literal\":{\"Value\":\"false\"}}},\"rowSubtotals\":{\"expr\":{\"Literal\":{\"Value\":\"false\"}}}}}],\"values\":[{\"properties\":{\"backColor\":{\"solid\":{\"color\":{\"expr\":{\"FillRule\":{\"Input\":{\"Measure\":{\"Expression\":{\"SourceRef\":{\"Entity\":\"All Measures\"}},\"Property\":\"Occupancy %\"}},\"FillRule\":{\"linearGradient3\":{\"min\":{\"color\":{\"Literal\":{\"Value\":\"'#f5c4af'\"}}},\"mid\":{\"color\":{\"Literal\":{\"Value\":\"'#eb895f'\"}}},\"max\":{\"color\":{\"Literal\":{\"Value\":\"'#ad5129'\"}}},\"nullColoringStrategy\":{\"strategy\":{\"Literal\":{\"Value\":\"'asZero'\"}}}}}}}}}}},\"selector\":{\"data\":[{\"dataViewWildcard\":{\"matchingOption\":1}}],\"metadata\":\"All Measures.Occupancy %\"}},{\"properties\":{},\"selector\":{\"data\":[{\"dataViewWildcard\":{\"matchingOption\":1}}],\"metadata\":\"All Measures.Total Revenue Realized\"}}],\"columnFormatting\":[{\"properties\":{\"dataBars\":{\"positiveColor\":{\"solid\":{\"color\":{\"expr\":{\"Literal\":{\"Value\":\"'#eb895f'\"}}}}},\"negativeColor\":{\"solid\":{\"color\":{\"expr\":{\"Literal\":{\"Value\":\"'#f5c4af'\"}}}}},\"axisColor\":{\"solid\":{\"color\":{\"expr\":{\"Literal\":{\"Value\":\"'foreground'\"}}}}},\"reverseDirection\":{\"expr\":{\"Literal\":{\"Value\":\"false\"}}},\"hideText\":{\"expr\":{\"Literal\":{\"Value\":\"false\"}}},\"totalMatchingOption\":{\"expr\":{\"Literal\":{\"Value\":\"1L\"}}}},\"alignment\":{\"expr\":{\"Literal\":{\"Value\":\"'Right'\"}}}},\"selector\":{\"metadata\":\"All Measures.Total Revenue Realized\"}},{\"properties\":{\"alignment\":{\"expr\":{\"Literal\":{\"Value\":\"'Center'\"}}}},\"selector\":{\"metadata\":\"All Measures.Occupancy %\"}},{\"properties\":{\"alignment\":{\"expr\":{\"Literal\":{\"Value\":\"'Center'\"}}}},\"selector\":{\"metadata\":\"All Measures.Cancellation %\"}},{\"properties\":{\"alignment\":{\"expr\":{\"Literal\":{\"Value\":\"'Center'\"}}}},\"selector\":{\"metadata\":\"All Measures.RevPAR\"}},{\"properties\":{\"alignment\":{\"expr\":{\"Literal\":{\"Value\":\"'Center'\"}}}},\"selector\":{\"metadata\":\"All Measures.ADR\"}}],\"columnHeaders\":[{\"properties\":{\"alignment\":{\"expr\":{\"Literal\":{\"Value\":\"'Center'\"}}},\"bold\":{\"expr\":{\"Literal\":{\"Value\":\"true\"}}}}}],\"columnWidth\":[{\"properties\":{\"value\":{\"expr\":{\"Literal\":{\"Value\":\"93.1961713073054D\"}}}},\"selector\":{\"metadata\":\"All Measures.RevPAR\"}},{\"properties\":{\"value\":{\"expr\":{\"Literal\":{\"Value\":\"97D\"}}}},\"selector\":{\"metadata\":\"All Measures.ADR\"}},{\"properties\":{\"value\":{\"expr\":{\"Literal\":{\"Value\":\"145.74999605764637D\"}}}},\"selector\":{\"metadata\":\"All Measures.Cancellation %\"}},{\"properties\":{\"value\":{\"expr\":{\"Literal\":{\"Value\":\"95.96198143231678D\"}}}},\"selector\":{\"metadata\":\"dim_hotels.city\"}},{\"properties\":{\"value\":{\"expr\":{\"Literal\":{\"Value\":\"183.98197006645307D\"}}}},\"selector\":{\"metadata\":\"All Measures.Total Revenue Realized\"}},{\"properties\":{\"value\":{\"expr\":{\"Literal\":{\"Value\":\"110.74999982411744D\"}}}},\"selector\":{\"metadata\":\"All Measures.Occupancy %\"}}],\"rowHeaders\":[{\"properties\":{\"alignment\":{\"expr\":{\"Literal\":{\"Value\":\"'Center'\"}}},\"bold\":{\"expr\":{\"Literal\":{\"Value\":\"true\"}}}}}]},\"vcObjects\":{\"title\":[{\"properties\":{\"show\":{\"expr\":{\"Literal\":{\"Value\":\"true\"}}},\"text\":{\"expr\":{\"Literal\":{\"Value\":\"'City Performance – Revenue, Occupancy, ADR, RevPAR, Cancellation'\"}}},\"alignment\":{\"expr\":{\"Literal\":{\"Value\":\"'center'\"}}},\"fontSize\":{\"expr\":{\"Literal\":{\"Value\":\"12D\"}}},\"bold\":{\"expr\":{\"Literal\":{\"Value\":\"false\"}}}}}]}}}",
          "filters": "[{\"expression\":{\"Column\":{\"Expression\":{\"SourceRef\":{\"Entity\":\"dim_hotels\"}},\"Property\":\"city\"}},\"filter\":{\"Version\":2,\"From\":[{\"Name\":\"subquery\",\"Expression\":{\"Subquery\":{\"Query\":{\"Version\":2,\"From\":[{\"Name\":\"d\",\"Entity\":\"dim_hotels\",\"Type\":0},{\"Name\":\"a\",\"Entity\":\"All Measures\",\"Type\":0}],\"Select\":[{\"Column\":{\"Expression\":{\"SourceRef\":{\"Source\":\"d\"}},\"Property\":\"city\"},\"Name\":\"field\"}],\"OrderBy\":[{\"Direction\":2,\"Expression\":{\"Measure\":{\"Expression\":{\"SourceRef\":{\"Source\":\"a\"}},\"Property\":\"Total Revenue Realized\"}}}],\"Top\":5}}},\"Type\":2},{\"Name\":\"d\",\"Entity\":\"dim_hotels\",\"Type\":0}],\"Where\":[{\"Condition\":{\"In\":{\"Expressions\":[{\"Column\":{\"Expression\":{\"SourceRef\":{\"Source\":\"d\"}},\"Property\":\"city\"}}],\"Table\":{\"SourceRef\":{\"Source\":\"subquery\"}}}}}]},\"type\":\"TopN\",\"howCreated\":0,\"isHiddenInViewMode\":false}]",
          "height": 147.35,
          "width": 752.94,
          "x": 12.95,
          "y": 573.21,
          "z": 11000.00
        },
        {
          "config": "{\"name\":\"d6929985b3da172e8080\",\"layouts\":[{\"id\":0,\"position\":{\"x\":772.5,\"y\":173.75,\"z\":10000,\"width\":503.75,\"height\":263.75,\"tabOrder\":10000}}],\"singleVisual\":{\"visualType\":\"lineClusteredColumnComboChart\",\"projections\":{\"Category\":[{\"queryRef\":\"dim_rooms.room_id\",\"active\":true}],\"Y\":[{\"queryRef\":\"All Measures.Total Revenue Realized\"}],\"Y2\":[{\"queryRef\":\"All Measures.Occupancy %\"}]},\"prototypeQuery\":{\"Version\":2,\"From\":[{\"Name\":\"d\",\"Entity\":\"dim_rooms\",\"Type\":0},{\"Name\":\"a\",\"Entity\":\"All Measures\",\"Type\":0}],\"Select\":[{\"Measure\":{\"Expression\":{\"SourceRef\":{\"Source\":\"a\"}},\"Property\":\"Total Revenue Realized\"},\"Name\":\"All Measures.Total Revenue Realized\",\"NativeReferenceName\":\"Total Revenue Realized\"},{\"Measure\":{\"Expression\":{\"SourceRef\":{\"Source\":\"a\"}},\"Property\":\"Occupancy %\"},\"Name\":\"All Measures.Occupancy %\",\"NativeReferenceName\":\"Occupancy %\"},{\"Column\":{\"Expression\":{\"SourceRef\":{\"Source\":\"d\"}},\"Property\":\"room_id\"},\"Name\":\"dim_rooms.room_id\",\"NativeReferenceName\":\"room_id\"}],\"OrderBy\":[{\"Direction\":2,\"Expression\":{\"Measure\":{\"Expression\":{\"SourceRef\":{\"Source\":\"a\"}},\"Property\":\"Total Revenue Realized\"}}}]},\"drillFilterOtherVisuals\":true,\"hasDefaultSort\":true,\"objects\":{\"labels\":[{\"properties\":{\"show\":{\"expr\":{\"Literal\":{\"Value\":\"true\"}}}}},{\"properties\":{\"showSeries\":{\"expr\":{\"Literal\":{\"Value\":\"true\"}}}},\"selector\":{\"metadata\":\"All Measures.Total Revenue Realized\"}},{\"properties\":{\"showSeries\":{\"expr\":{\"Literal\":{\"Value\":\"true\"}}}},\"selector\":{\"metadata\":\"All Measures.Occupancy %\"}}],\"legend\":[{\"properties\":{\"show\":{\"expr\":{\"Literal\":{\"Value\":\"false\"}}}}}],\"valueAxis\":[{\"properties\":{\"gridlineShow\":{\"expr\":{\"Literal\":{\"Value\":\"false\"}}},\"secShowAxisTitle\":{\"expr\":{\"Literal\":{\"Value\":\"false\"}}},\"alignZeros\":{\"expr\":{\"Literal\":{\"Value\":\"false\"}}},\"secLogAxisScale\":{\"expr\":{\"Literal\":{\"Value\":\"false\"}}},\"secShow\":{\"expr\":{\"Literal\":{\"Value\":\"true\"}}},\"showAxisTitle\":{\"expr\":{\"Literal\":{\"Value\":\"false\"}}}}}],\"categoryAxis\":[{\"properties\":{\"show\":{\"expr\":{\"Literal\":{\"Value\":\"true\"}}},\"showAxisTitle\":{\"expr\":{\"Literal\":{\"Value\":\"false\"}}}}}],\"dataPoint\":[{\"properties\":{\"fill\":{\"solid\":{\"color\":{\"expr\":{\"Literal\":{\"Value\":\"'#354DF1'\"}}}}}},\"selector\":{\"data\":[{\"scopeId\":{\"Comparison\":{\"ComparisonKind\":0,\"Left\":{\"Column\":{\"Expression\":{\"SourceRef\":{\"Entity\":\"dim_rooms\"}},\"Property\":\"room_id\"}},\"Right\":{\"Literal\":{\"Value\":\"'RT1'\"}}}}}]}},{\"properties\":{\"fill\":{\"solid\":{\"color\":{\"expr\":{\"Literal\":{\"Value\":\"'#1D32C4'\"}}}}}},\"selector\":{\"data\":[{\"scopeId\":{\"Comparison\":{\"ComparisonKind\":0,\"Left\":{\"Column\":{\"Expression\":{\"SourceRef\":{\"Entity\":\"dim_rooms\"}},\"Property\":\"room_id\"}},\"Right\":{\"Literal\":{\"Value\":\"'RT4'\"}}}}}]}},{\"properties\":{\"fill\":{\"solid\":{\"color\":{\"expr\":{\"Literal\":{\"Value\":\"'#112299'\"}}}}}},\"selector\":{\"data\":[{\"scopeId\":{\"Comparison\":{\"ComparisonKind\":0,\"Left\":{\"Column\":{\"Expression\":{\"SourceRef\":{\"Entity\":\"dim_rooms\"}},\"Property\":\"room_id\"}},\"Right\":{\"Literal\":{\"Value\":\"'RT3'\"}}}}}]}},{\"properties\":{\"fill\":{\"solid\":{\"color\":{\"expr\":{\"ThemeDataColor\":{\"ColorId\":3,\"Percent\":-0.25}}}}}},\"selector\":{\"data\":[{\"scopeId\":{\"Comparison\":{\"ComparisonKind\":0,\"Left\":{\"Column\":{\"Expression\":{\"SourceRef\":{\"Entity\":\"dim_rooms\"}},\"Property\":\"room_id\"}},\"Right\":{\"Literal\":{\"Value\":\"'RT2'\"}}}}}]}},{\"properties\":{\"fill\":{\"solid\":{\"color\":{\"expr\":{\"ThemeDataColor\":{\"ColorId\":4,\"Percent\":-0.25}}}}}},\"selector\":{\"metadata\":\"All Measures.Occupancy %\"}}]},\"vcObjects\":{\"title\":[{\"properties\":{\"text\":{\"expr\":{\"Literal\":{\"Value\":\"'Room Performance – Revenue & Occupancy'\"}}},\"alignment\":{\"expr\":{\"Literal\":{\"Value\":\"'center'\"}}}}}],\"visualHeader\":[{\"properties\":{\"show\":{\"expr\":{\"Literal\":{\"Value\":\"true\"}}}}}]}}}",
          "filters": "[]",
          "height": 263.75,
          "width": 503.75,
          "x": 772.50,
          "y": 173.75,
          "z": 10000.00
        },
        {
          "config": "{\"name\":\"f588b448280d0001ad27\",\"layouts\":[{\"id\":0,\"position\":{\"x\":978.75,\"y\":30,\"z\":4000,\"width\":113.75,\"height\":120,\"tabOrder\":4000}}],\"singleVisual\":{\"visualType\":\"advancedSlicerVisual\",\"projections\":{\"Values\":[{\"queryRef\":\"dim_date.month_label\"}]},\"prototypeQuery\":{\"Version\":2,\"From\":[{\"Name\":\"d\",\"Entity\":\"dim_date\",\"Type\":0}],\"Select\":[{\"Column\":{\"Expression\":{\"SourceRef\":{\"Source\":\"d\"}},\"Property\":\"month_label\"},\"Name\":\"dim_date.month_label\",\"NativeReferenceName\":\"month_label\"}],\"OrderBy\":[{\"Direction\":1,\"Expression\":{\"Column\":{\"Expression\":{\"SourceRef\":{\"Source\":\"d\"}},\"Property\":\"month_label\"}}}]},\"drillFilterOtherVisuals\":true,\"hasDefaultSort\":true,\"objects\":{\"layout\":[{\"properties\":{\"orientation\":{\"expr\":{\"Literal\":{\"Value\":\"1D\"}}},\"rowCount\":{\"expr\":{\"Literal\":{\"Value\":\"1L\"}}},\"columnCount\":{\"expr\":{\"Literal\":{\"Value\":\"2L\"}}},\"style\":{\"expr\":{\"Literal\":{\"Value\":\"'Table'\"}}}}}],\"overFlow\":[{\"properties\":{\"overFlowDirection\":{\"expr\":{\"Literal\":{\"Value\":\"0D\"}}}}}],\"value\":[{\"properties\":{\"fontSize\":{\"expr\":{\"Literal\":{\"Value\":\"10D\"}}},\"horizontalAlignment\":{\"expr\":{\"Literal\":{\"Value\":\"'center'\"}}},\"textWrap\":{\"expr\":{\"Literal\":{\"Value\":\"false\"}}}},\"selector\":{\"id\":\"default\"}}],\"fillCustom\":[{\"properties\":{\"fillColor\":{\"solid\":{\"color\":{\"expr\":{\"ThemeDataColor\":{\"ColorId\":0,\"Percent\":-0.1}}}}}},\"selector\":{\"id\":\"default\"}}],\"outline\":[{\"properties\":{\"show\":{\"expr\":{\"Literal\":{\"Value\":\"true\"}}},\"transparency\":{\"expr\":{\"Literal\":{\"Value\":\"11D\"}}}},\"selector\":{\"id\":\"default\"}}],\"general\":[{\"properties\":{}}]},\"vcObjects\":{\"title\":[{\"properties\":{\"show\":{\"expr\":{\"Literal\":{\"Value\":\"false\"}}},\"titleWrap\":{\"expr\":{\"Literal\":{\"Value\":\"true\"}}}}}],\"background\":[{\"properties\":{\"show\":{\"expr\":{\"Literal\":{\"Value\":\"true\"}}},\"transparency\":{\"expr\":{\"Literal\":{\"Value\":\"0D\"}}}}}],\"border\":[{\"properties\":{\"width\":{\"expr\":{\"Literal\":{\"Value\":\"1D\"}}}}}]}}}",
          "filters": "[]",
          "height": 120.00,
          "width": 113.75,
          "x": 978.75,
          "y": 30.00,
          "z": 4000.00
        }
      ],
      "width": 1280.00
    }
  ]
}