{
  "version": "1.1.0",
  "diagrams": [
    {
      "ordinal": 0,
      "scrollPosition": {
        "x": 2420.1989462545503,
        "y": 31.858468758451437
      },
      "nodes": [
        {
          "location": {
            "x": 0,
            "y": 0
          },
          "nodeIndex": "fact_bookings",
          "nodeLineageTag": "d1694cf2-59da-4c19-8e65-1744feaeaac7",
          "size": {
            "height": 300,
            "width": 234
          },
          "zIndex": 8
        },
        {
          "location": {
            "x": 284,
            "y": 50
          },
          "nodeIndex": "fact_aggregated_bookings",
          "nodeLineageTag": "a47731ba-7af2-4615-b527-c7495e9c006f",
          "size": {
            "height": 200,
            "width": 234
          },
          "zIndex": 1
        },
        {
          "location": {
            "x": 568,
            "y": 62
          },
          "nodeIndex": "dim_date",
          "nodeLineageTag": "3be73566-b352-4326-9b09-2276bb44c001",
          "size": {
            "height": 176,
            "width": 234
          },
          "zIndex": 7
        },
        {
          "location": {
            "x": 941,
            "y": 62
          },
          "nodeIndex": "dim_hotels",
          "nodeLineageTag": "e68033d7-9f5b-4597-88a0-9fac067fec8b",
          "size": {
            "height": 176,
            "width": 145
          },
          "zIndex": 2
        },
        {
          "location": {
            "x": 1136,
            "y": 86
          },
          "nodeIndex": "dim_rooms",
          "nodeLineageTag": "ba3b608e-5b8d-44d6-9c98-f99429deeed1",
          "size": {
            "height": 128,
            "width": 234
          },
          "zIndex": 9
        },
        {
          "location": {
            "x": 1704,
            "y": 38
          },
          "nodeIndex": "Segment bookings by platform and city for midweek patterns",
          "nodeLineageTag": "75ec30d0-d966-4126-b9bb-b2a1e99c3da7",
          "size": {
            "height": 224,
            "width": 234
          },
          "zIndex": 3
        },
        {
          "location": {
            "x": 1988,
            "y": 50
          },
          "nodeIndex": "Check booking source mix for premium category (OTA vs direct)",
          "nodeLineageTag": "11ea013f-e2be-46c2-b82b-91c7099d2a10",
          "size": {
            "height": 200,
            "width": 234
          },
          "zIndex": 4
        },
        {
          "location": {
            "x": 2272,
            "y": 38
          },
          "nodeIndex": "Analyze lead time midweek vs weekend to check booking behavior",
          "nodeLineageTag": "a2576452-cf7d-4936-b098-85a46d9cbf47",
          "size": {
            "height": 224,
            "width": 234
          },
          "zIndex": 5
        },
        {
          "location": {
            "x": 1420,
            "y": 62
          },
          "nodeIndex": "Category wise cancellations",
          "size": {
            "height": 176,
            "width": 234
          },
          "zIndex": 6
        },
        {
          "location": {
            "x": 2556,
            "y": 98
          },
          "nodeIndex": "All Measures",
          "nodeLineageTag": "968cf42a-1749-49cb-ac29-10d78765b287",
          "size": {
            "height": 193.13136589887625,
            "width": 234
          },
          "zIndex": 0
        }
      ],
      "name": "All tables",
      "zoomValue": 127.64790500938416,
      "pinKeyFieldsToTop": false,
      "showExtraHeaderInfo": false,
      "hideKeyFieldsWhenCollapsed": false,
      "tablesLocked": false
    }
  ],
  "selectedDiagram": "All tables",
  "defaultDiagram": "All tables"
}